{
    "name": "ALL_SOURCE_FILES",
    "properties": {
        "linkedServiceName": {
            "referenceName": "Demo_LinkedService",
            "type": "LinkedServiceReference"
        },
        "annotations": [],
        "type": "DelimitedText",
        "typeProperties": {
            "location": {
                "type": "AzureBlobStorageLocation",
                "folderPath": "input",
                "container": "adfdemo"
            },
            "columnDelimiter": ",",
            "escapeChar": "\\",
            "firstRowAsHeader": true,
            "quoteChar": "\""
        },
        "schema": [
            {
                "name": "id",
                "type": "String"
            },
            {
                "name": "first_name",
                "type": "String"
            },
            {
                "name": "last_name",
                "type": "String"
            },
            {
                "name": "email",
                "type": "String"
            },
            {
                "name": "gender",
                "type": "String"
            },
            {
                "name": "currency",
                "type": "String"
            }
        ]
    },
    "type": "Microsoft.DataFactory/factories/datasets"
}