{
    "now": "2025-09-18T12:40:24.339Z",
    "perfNow": 3545007.2000000477,
    "diagnosticCorrelation": "859cdfc4-c0d9-4491-a908-61e6ac746577",
    "source": "DownloadSupportFiles",
    "environment": {
        "productName": "adf",
        "buildVersion": "1.0.090625.1",
        "environmentType": 3,
        "resourceName": "testdemoinstance",
        "resourceRegion": "eastus",
        "resourceGroup": "adfdemo",
        "subscriptionId": "563179f9-264c-4187-9cde-50526f16bdff",
        "sessionId": "HzNeZFdkBiibxnbQK3pR7m",
        "operationId": "",
        "gitType": "live",
        "loggingKey": "e5739d48-8e55-47a3-9bc8-f51f7b22892b"
    },
    "additionalInfo": {
        "selectedResource": "2 - SQL TO AZURE ADF",
        "selectedResourceType": "pipeline",
        "dataFlowSessionId": "16c429b3-edb4-41dd-9386-8c7901044b7b"
    }
}