{
    "name": "DelimitedText4",
    "properties": {
        "linkedServiceName": {
            "referenceName": "Demo_LinkedService",
            "type": "LinkedServiceReference"
        },
        "annotations": [],
        "type": "DelimitedText",
        "typeProperties": {
            "location": {
                "type": "AzureBlobStorageLocation",
                "fileName": "Book1.csv",
                "folderPath": "input",
                "container": "adfdemo"
            },
            "columnDelimiter": ",",
            "escapeChar": "\\",
            "firstRowAsHeader": true,
            "quoteChar": "\""
        },
        "schema": [
            {
                "name": "2",
                "type": "String"
            },
            {
                "name": "Niharika                 ",
                "type": "String"
            },
            {
                "name": "Verma                    ",
                "type": "String"
            },
            {
                "name": "80000",
                "type": "String"
            },
            {
                "name": "2021-06-11 09:00:00",
                "type": "String"
            },
            {
                "name": "Admin                    ",
                "type": "String"
            }
        ]
    }
}