{
    "name": "Binary1",
    "properties": {
        "linkedServiceName": {
            "referenceName": "Demo_LinkedService",
            "type": "LinkedServiceReference"
        },
        "parameters": {
            "filename": {
                "type": "string"
            }
        },
        "annotations": [],
        "type": "Binary",
        "typeProperties": {
            "location": {
                "type": "AzureBlobStorageLocation",
                "fileName": {
                    "value": "@dataset().filename",
                    "type": "Expression"
                },
                "folderPath": "input",
                "container": "adfdemo"
            }
        }
    },
    "type": "Microsoft.DataFactory/factories/datasets"
}