{
    "name": "OUTPUT_LOCATION2",
    "properties": {
        "linkedServiceName": {
            "referenceName": "Demo_LinkedService",
            "type": "LinkedServiceReference"
        },
        "annotations": [],
        "type": "DelimitedText",
        "typeProperties": {
            "location": {
                "type": "AzureBlobStorageLocation",
                "folderPath": "output",
                "container": "adfdemo"
            },
            "columnDelimiter": ",",
            "escapeChar": "\\",
            "firstRowAsHeader": true,
            "quoteChar": "\""
        },
        "schema": [
            {
                "name": "id",
                "type": "String"
            },
            {
                "name": "salesHalette",
                "type": "String"
            },
            {
                "name": "salesJeanna",
                "type": "String"
            },
            {
                "name": "salesMadelle",
                "type": "String"
            },
            {
                "name": "salesMagdalen",
                "type": "String"
            },
            {
                "name": "salesNoni",
                "type": "String"
            },
            {
                "name": "salesViolante",
                "type": "String"
            }
        ]
    },
    "type": "Microsoft.DataFactory/factories/datasets"
}