{
    "name": "SqlServerTable1",
    "properties": {
        "linkedServiceName": {
            "referenceName": "SqlServer1",
            "type": "LinkedServiceReference"
        },
        "annotations": [],
        "type": "SqlServerTable",
        "schema": [
            {
                "name": "WORKER_ID",
                "type": "int",
                "precision": 10
            },
            {
                "name": "FIRST_NAME",
                "type": "char"
            },
            {
                "name": "LAST_NAME",
                "type": "char"
            },
            {
                "name": "SALARY",
                "type": "int",
                "precision": 10
            },
            {
                "name": "JOINING_DATE",
                "type": "datetime",
                "precision": 23,
                "scale": 3
            },
            {
                "name": "DEPARTMENT",
                "type": "char"
            }
        ],
        "typeProperties": {
            "schema": "dbo",
            "table": "Worker"
        }
    },
    "type": "Microsoft.DataFactory/factories/datasets"
}