{
    "name": "PROJECT 1",
    "properties": {
        "type": "MappingDataFlow",
        "typeProperties": {
            "sources": [
                {
                    "dataset": {
                        "referenceName": "MOCK_DATA_CSV",
                        "type": "DatasetReference"
                    },
                    "name": "source1"
                }
            ],
            "sinks": [
                {
                    "dataset": {
                        "referenceName": "OUTPUT_LOCATION",
                        "type": "DatasetReference"
                    },
                    "name": "sink1"
                }
            ],
            "transformations": [
                {
                    "name": "pivot1"
                }
            ],
            "scriptLines": [
                "source(output(",
                "          id as string,",
                "          first_name as string,",
                "          last_name as string,",
                "          email as string,",
                "          gender as string,",
                "          currency as string,",
                "          sales as string",
                "     ),",
                "     allowSchemaDrift: true,",
                "     validateSchema: false,",
                "     ignoreNoFilesFound: false) ~> source1",
                "source1 pivot(groupBy(id),",
                "     pivotBy(first_name),",
                "     sales = sum(toInteger(sales)),",
                "     columnNaming: '$N$V',",
                "     lateral: true) ~> pivot1",
                "pivot1 sink(allowSchemaDrift: true,",
                "     validateSchema: false,",
                "     skipDuplicateMapInputs: true,",
                "     skipDuplicateMapOutputs: true,",
                "     partitionBy('hash', 1)) ~> sink1"
            ]
        }
    }
}