{
    "now": "2025-09-18T12:40:29.764Z",
    "perfNow": 3550432.3000000715,
    "diagnosticCorrelation": "4855f71d-fd93-4d00-90ba-9d5c1efaab3a",
    "source": "DownloadSupportFiles",
    "environment": {
        "productName": "adf",
        "buildVersion": "1.0.090625.1",
        "environmentType": 3,
        "resourceName": "testdemoinstance",
        "resourceRegion": "eastus",
        "resourceGroup": "adfdemo",
        "subscriptionId": "563179f9-264c-4187-9cde-50526f16bdff",
        "sessionId": "HzNeZFdkBiibxnbQK3pR7m",
        "operationId": "",
        "gitType": "live",
        "loggingKey": "e5739d48-8e55-47a3-9bc8-f51f7b22892b"
    },
    "additionalInfo": {
        "selectedResource": "5 - EVENT BASED TRIGGER ADF",
        "selectedResourceType": "pipeline",
        "dataFlowSessionId": "16c429b3-edb4-41dd-9386-8c7901044b7b"
    }
}