{
    "name": "3 - EMPTY FILE TACKLE ADF",
    "properties": {
        "activities": [
            {
                "name": "Get Metadata1",
                "type": "GetMetadata",
                "dependsOn": [],
                "policy": {
                    "timeout": "0.12:00:00",
                    "retry": 0,
                    "retryIntervalInSeconds": 30,
                    "secureOutput": false,
                    "secureInput": false
                },
                "userProperties": [],
                "typeProperties": {
                    "dataset": {
                        "referenceName": "ALL_SOURCE_FILES",
                        "type": "DatasetReference"
                    },
                    "fieldList": [
                        "childItems"
                    ],
                    "storeSettings": {
                        "type": "AzureBlobStorageReadSettings",
                        "recursive": true,
                        "enablePartitionDiscovery": false
                    },
                    "formatSettings": {
                        "type": "DelimitedTextReadSettings"
                    }
                }
            },
            {
                "name": "ForEach1",
                "type": "ForEach",
                "dependsOn": [
                    {
                        "activity": "Get Metadata1",
                        "dependencyConditions": [
                            "Succeeded"
                        ]
                    }
                ],
                "userProperties": [],
                "typeProperties": {
                    "items": {
                        "value": "@activity('Get Metadata1').output.childItems",
                        "type": "Expression"
                    },
                    "isSequential": true,
                    "activities": [
                        {
                            "name": "Set variable1",
                            "type": "SetVariable",
                            "dependsOn": [],
                            "policy": {
                                "secureOutput": false,
                                "secureInput": false
                            },
                            "userProperties": [],
                            "typeProperties": {
                                "variableName": "file_name",
                                "value": {
                                    "value": "@item().name",
                                    "type": "Expression"
                                }
                            }
                        },
                        {
                            "name": "Lookup1",
                            "type": "Lookup",
                            "dependsOn": [
                                {
                                    "activity": "Set variable1",
                                    "dependencyConditions": [
                                        "Succeeded"
                                    ]
                                }
                            ],
                            "policy": {
                                "timeout": "0.12:00:00",
                                "retry": 0,
                                "retryIntervalInSeconds": 30,
                                "secureOutput": false,
                                "secureInput": false
                            },
                            "userProperties": [],
                            "typeProperties": {
                                "source": {
                                    "type": "DelimitedTextSource",
                                    "storeSettings": {
                                        "type": "AzureBlobStorageReadSettings",
                                        "recursive": true,
                                        "wildcardFileName": {
                                            "value": "@variables('file_name')",
                                            "type": "Expression"
                                        },
                                        "enablePartitionDiscovery": false
                                    },
                                    "formatSettings": {
                                        "type": "DelimitedTextReadSettings"
                                    }
                                },
                                "dataset": {
                                    "referenceName": "ALL_SOURCE_FILES",
                                    "type": "DatasetReference"
                                },
                                "firstRowOnly": false
                            }
                        },
                        {
                            "name": "If Condition1",
                            "type": "IfCondition",
                            "dependsOn": [
                                {
                                    "activity": "Lookup1",
                                    "dependencyConditions": [
                                        "Succeeded"
                                    ]
                                }
                            ],
                            "userProperties": [],
                            "typeProperties": {
                                "expression": {
                                    "value": "@greater(activity('Lookup1').output.count,0)",
                                    "type": "Expression"
                                },
                                "ifFalseActivities": [
                                    {
                                        "name": "Fail1",
                                        "type": "Fail",
                                        "dependsOn": [],
                                        "userProperties": [],
                                        "typeProperties": {
                                            "message": "Source file is empty",
                                            "errorCode": "100"
                                        }
                                    }
                                ],
                                "ifTrueActivities": [
                                    {
                                        "name": "Copy data1",
                                        "type": "Copy",
                                        "dependsOn": [],
                                        "policy": {
                                            "timeout": "0.12:00:00",
                                            "retry": 0,
                                            "retryIntervalInSeconds": 30,
                                            "secureOutput": false,
                                            "secureInput": false
                                        },
                                        "userProperties": [],
                                        "typeProperties": {
                                            "source": {
                                                "type": "DelimitedTextSource",
                                                "storeSettings": {
                                                    "type": "AzureBlobStorageReadSettings",
                                                    "recursive": true,
                                                    "wildcardFileName": {
                                                        "value": "@variables('file_name')",
                                                        "type": "Expression"
                                                    },
                                                    "enablePartitionDiscovery": false
                                                },
                                                "formatSettings": {
                                                    "type": "DelimitedTextReadSettings"
                                                }
                                            },
                                            "sink": {
                                                "type": "DelimitedTextSink",
                                                "storeSettings": {
                                                    "type": "AzureBlobStorageWriteSettings"
                                                },
                                                "formatSettings": {
                                                    "type": "DelimitedTextWriteSettings",
                                                    "quoteAllText": true,
                                                    "fileExtension": ".txt"
                                                }
                                            },
                                            "enableStaging": false,
                                            "translator": {
                                                "type": "TabularTranslator",
                                                "typeConversion": true,
                                                "typeConversionSettings": {
                                                    "allowDataTruncation": true,
                                                    "treatBooleanAsNumber": false
                                                }
                                            }
                                        },
                                        "inputs": [
                                            {
                                                "referenceName": "ALL_SOURCE_FILES",
                                                "type": "DatasetReference"
                                            }
                                        ],
                                        "outputs": [
                                            {
                                                "referenceName": "DelimitedText1",
                                                "type": "DatasetReference"
                                            }
                                        ]
                                    }
                                ]
                            }
                        }
                    ]
                }
            }
        ],
        "variables": {
            "file_name": {
                "type": "String"
            }
        },
        "annotations": [],
        "lastPublishTime": "2025-09-17T12:36:46Z"
    },
    "type": "Microsoft.DataFactory/factories/pipelines"
}