{
    "name": "trigger2",
    "properties": {
        "annotations": [],
        "runtimeState": "Stopped",
        "pipelines": [
            {
                "pipelineReference": {
                    "referenceName": "5 - EVENT BASED TRIGGER ADF",
                    "type": "PipelineReference"
                }
            }
        ],
        "type": "BlobEventsTrigger",
        "typeProperties": {
            "blobPathBeginsWith": "/inputsv/blobs/",
            "ignoreEmptyBlobs": true,
            "scope": "/subscriptions/563179f9-264c-4187-9cde-50526f16bdff/resourceGroups/TEST_RG/providers/Microsoft.Storage/storageAccounts/teststoragename0109",
            "events": [
                "Microsoft.Storage.BlobCreated"
            ]
        }
    }
}