{
    "now": "2025-09-18T12:40:19.456Z",
    "perfNow": 3540124.4000000954,
    "diagnosticCorrelation": "77efd857-4064-4121-933a-d44f5d6d0f90",
    "source": "DownloadSupportFiles",
    "environment": {
        "productName": "adf",
        "buildVersion": "1.0.090625.1",
        "environmentType": 3,
        "resourceName": "testdemoinstance",
        "resourceRegion": "eastus",
        "resourceGroup": "adfdemo",
        "subscriptionId": "563179f9-264c-4187-9cde-50526f16bdff",
        "sessionId": "HzNeZFdkBiibxnbQK3pR7m",
        "operationId": "",
        "gitType": "live",
        "loggingKey": "e5739d48-8e55-47a3-9bc8-f51f7b22892b"
    },
    "additionalInfo": {
        "selectedResource": "1 - DATA FLOW PIVOT ADF",
        "selectedResourceType": "pipeline",
        "dataFlowSessionId": "16c429b3-edb4-41dd-9386-8c7901044b7b"
    }
}