{
    "name": "dataflow1",
    "properties": {
        "type": "MappingDataFlow",
        "typeProperties": {
            "sources": [
                {
                    "dataset": {
                        "referenceName": "DelimitedText4",
                        "type": "DatasetReference"
                    },
                    "name": "source1"
                },
                {
                    "dataset": {
                        "referenceName": "DelimitedText4",
                        "type": "DatasetReference"
                    },
                    "name": "source2"
                }
            ],
            "sinks": [
                {
                    "dataset": {
                        "referenceName": "OUTPUT_LOCATION",
                        "type": "DatasetReference"
                    },
                    "name": "sink1"
                }
            ],
            "transformations": [
                {
                    "name": "join1"
                }
            ],
            "scriptLines": [
                "source(output(",
                "          {2} as string,",
                "          {Niharika                 } as string,",
                "          {Verma                    } as string,",
                "          {80000} as string,",
                "          {2021-06-11 09:00:00} as string,",
                "          {Admin                    } as string",
                "     ),",
                "     allowSchemaDrift: true,",
                "     validateSchema: true,",
                "     inferDriftedColumnTypes: true,",
                "     ignoreNoFilesFound: false) ~> source1",
                "source(output(",
                "          {2} as string,",
                "          {Niharika                 } as string,",
                "          {Verma                    } as string,",
                "          {80000} as string,",
                "          {2021-06-11 09:00:00} as string,",
                "          {Admin                    } as string",
                "     ),",
                "     allowSchemaDrift: true,",
                "     validateSchema: true,",
                "     inferDriftedColumnTypes: true,",
                "     ignoreNoFilesFound: false) ~> source2",
                "source1, source2 join(source1@{2} == source2@{2},",
                "     joinType:'inner',",
                "     matchType:'exact',",
                "     ignoreSpaces: false,",
                "     broadcast: 'auto')~> join1",
                "join1 sink(allowSchemaDrift: true,",
                "     validateSchema: false,",
                "     skipDuplicateMapInputs: true,",
                "     skipDuplicateMapOutputs: true) ~> sink1"
            ]
        }
    }
}